98.32,99.88,mistrials, sacks, intake, terminator, piece, washtubs, comfort
94.76,99.39,preserver, sacks, intake, terminator, piece, washtubs, comfort
95.47,99.56,preserver, allocation, intake, terminator, piece, washtubs, comfort
93.0,98.76,preserver, allocation, intake, hoist, piece, washtubs, comfort
89.45,95.67,pull, allocation, intake, hoist, piece, washtubs, comfort
90.81,97.24,pull, allocation, intake, hoist, piece, washtubs, language
90.63,97.07,pull, allocation, intake, hoist, bailing, washtubs, language
89.54,95.8,pull, cushions, intake, hoist, bailing, washtubs, language
91.4,97.76,hitches, cushions, intake, hoist, bailing, washtubs, language
92.41,98.45,hitches, cushions, intake, hoist, ideas, washtubs, language
93.98,99.16,hitches, cushions, intake, module, ideas, washtubs, language
93.24,98.88,hitches, cushions, intake, module, ideas, washtubs, fibers
91.6,97.91,leg, cushions, intake, module, ideas, washtubs, fibers
92.27,98.37,leg, cushions, formats, module, ideas, washtubs, fibers
87.33,91.88,leg, cushions, formats, module, ideas, temper, fibers
87.27,91.74,leg, cushions, formats, module, ideas, temper, floats
85.75,87.71,leg, cushions, formats, module, ideas, gravel, floats
86.66,90.26,leg, cushions, formats, module, ideas, gravel, shore
89.57,95.84,leg, cushions, formats, module, ideas, hunk, shore
88.36,93.96,leg, hull, formats, module, ideas, hunk, shore
87.26,91.71,leg, hull, formats, module, compresses, hunk, shore
88.28,93.81,leg, bell, formats, module, compresses, hunk, shore
85.42,86.65,leg, bell, starboard, module, compresses, hunk, shore
88.22,93.7,leg, bell, warships, module, compresses, hunk, shore
88.14,93.55,leg, bell, airfield, module, compresses, hunk, shore
84.89,84.89,leg, bell, valve, module, compresses, hunk, shore
84.9,84.93,leg, bell, valve, sponges, compresses, hunk, shore
89.9,96.26,leg, dioxides, valve, sponges, compresses, hunk, shore
88.95,94.94,leg, dioxides, valve, pops, compresses, hunk, shore
91.09,97.5,leg, dioxides, valve, pops, compresses, hunk, tickets
91.41,97.77,leg, dioxides, valve, pops, compresses, hunk, crimes
84.62,83.91,leg, injection, valve, pops, compresses, hunk, crimes
85.02,85.33,leg, injection, valve, pops, diagram, hunk, crimes
86.5,89.83,leg, injection, conspiracy, pops, diagram, hunk, crimes
98.07,99.87,mistrials, mates, intake, terminator, piece, washtubs, comfort
96.71,99.75,mistrials, mates, intake, blackboards, piece, washtubs, comfort
96.4,99.71,mistrials, mates, intake, continuity, piece, washtubs, comfort
96.25,99.69,mistrials, mates, intake, antenna, piece, washtubs, comfort
95.93,99.64,mistrials, mates, intake, antenna, slice, washtubs, comfort
95.97,99.64,mistrials, presence, intake, antenna, slice, washtubs, comfort
96.06,99.66,mistrials, presence, intake, instruction, slice, washtubs, comfort
95.22,99.5,mistrials, fog, intake, instruction, slice, washtubs, comfort
95.82,99.62,mistrials, fog, branch, instruction, slice, washtubs, comfort
95.8,99.61,mistrials, fog, branch, instruction, shave, washtubs, comfort
96.35,99.7,mistrials, fog, branch, instruction, incentives, washtubs, comfort
96.28,99.69,mistrials, fog, branch, topping, incentives, washtubs, comfort
96.15,99.67,mistrials, fog, branch, topping, drum, washtubs, comfort
95.86,99.63,mistrials, fog, branch, topping, drum, washtubs, analyzers
96.8,99.76,mistrials, crime, branch, topping, drum, washtubs, analyzers
96.59,99.73,mistrials, street, branch, topping, drum, washtubs, analyzers
97.1,99.79,mistrials, street, branch, topping, drum, washtubs, respiration
97.6,99.83,mistrials, street, branch, topping, brake, washtubs, respiration
98.08,99.87,mistrials, street, branch, topping, returns, washtubs, respiration
98.15,99.87,mistrials, street, branch, topping, messages, washtubs, respiration
98.62,99.9,mistrials, tackles, branch, topping, messages, washtubs, respiration
98.39,99.89,mistrials, tackles, branch, stocks, messages, washtubs, respiration
98.73,99.9,mistrials, tackles, branch, contract, messages, washtubs, respiration
99.59,99.94,mistrials, tackles, branch, contract, photographs, washtubs, respiration
99.55,99.94,mistrials, tackles, branch, airport, photographs, washtubs, respiration
100.53,99.96,mistrials, tackles, injector, airport, photographs, washtubs, respiration
99.42,99.93,mistrials, tackles, injector, airport, photographs, washtubs, library
97.61,99.83,mistrials, tackles, injector, airport, photographs, washtubs, buoys
98.14,99.87,mistrials, tackles, injector, airport, courtesy, washtubs, buoys
100.6,99.96,mistrials, tackles, injector, airport, courtesy, washtubs, rehabilitation
99.49,99.94,mistrials, tackles, injector, brain, courtesy, washtubs, rehabilitation
99.14,99.92,mistrials, ream, injector, brain, courtesy, washtubs, rehabilitation
99.74,99.94,mistrials, ream, injector, nothing, courtesy, washtubs, rehabilitation
99.55,99.94,mistrials, ream, injector, wholesales, courtesy, washtubs, rehabilitation
100.02,99.95,mistrials, ream, injector, wholesales, courtesy, steps, rehabilitation
99.78,99.94,mistrials, ream, injector, wholesales, courtesy, steps, concepts
98.33,99.88,mistrials, ream, securities, wholesales, courtesy, steps, concepts
98.78,99.91,mistrials, ream, securities, wholesales, courtesy, steps, project
100.15,99.95,mistrials, ream, serials, wholesales, courtesy, steps, project
100.59,99.96,mistrials, ream, serials, wholesales, courtesy, shield, project
100.64,99.96,mistrials, ream, quiet, wholesales, courtesy, shield, project
99.0,99.92,mistrials, ream, bodies, wholesales, courtesy, shield, project
99.16,99.92,mistrials, dioxides, bodies, wholesales, courtesy, shield, project
99.09,99.92,mistrials, dioxides, managements, wholesales, courtesy, shield, project
97.45,99.82,mistrials, dioxides, managements, wholesales, courtesy, shield, storage
95.98,99.64,mistrials, hands, managements, wholesales, courtesy, shield, storage
96.4,99.71,mistrials, hands, managements, wholesales, courtesy, shield, evacuation
97.2,99.8,mistrials, skins, managements, wholesales, courtesy, shield, evacuation
97.35,99.81,mistrials, skins, managements, wholesales, courtesy, fluid, evacuation
98.82,99.91,mistrials, skins, managements, wholesales, courtesy, inches, evacuation
98.65,99.9,mistrials, lasers, managements, wholesales, courtesy, inches, evacuation
99.87,99.95,mistrials, lasers, null, wholesales, courtesy, inches, evacuation
99.41,99.93,mistrials, lasers, null, wholesales, courtesy, inches, footings
98.93,99.91,mistrials, lasers, null, wholesales, courtesy, inches, pushups
98.97,99.92,mistrials, lasers, null, wholesales, courtesy, hills, pushups
99.04,99.92,mistrials, seamanship, null, wholesales, courtesy, hills, pushups
100.12,99.95,mistrials, label, null, wholesales, courtesy, hills, pushups
99.98,99.95,mistrials, label, null, wholesales, courtesy, interests, pushups
100.29,99.96,mistrials, label, null, wholesales, courtesy, zones, pushups
100.13,99.95,mistrials, truth, null, wholesales, courtesy, zones, pushups
100.07,99.95,mistrials, truth, manager, wholesales, courtesy, zones, pushups
100.85,99.97,mistrials, truth, manager, wholesales, courtesy, washtubs, pushups
100.33,99.96,mistrials, truth, manager, subtotal, courtesy, washtubs, pushups
99.15,99.92,mistrials, mechanics, manager, subtotal, courtesy, washtubs, pushups
98.21,99.88,antennas, mechanics, manager, subtotal, courtesy, washtubs, pushups
97.48,99.82,antennas, panes, manager, subtotal, courtesy, washtubs, pushups
99.62,99.94,antennas, valleys, manager, subtotal, courtesy, washtubs, pushups
98.52,99.89,antennas, valleys, core, subtotal, courtesy, washtubs, pushups
99.16,99.92,antennas, election, core, subtotal, courtesy, washtubs, pushups
99.41,99.93,hotel, election, core, subtotal, courtesy, washtubs, pushups
98.98,99.92,hotel, daytime, core, subtotal, courtesy, washtubs, pushups
98.6,99.9,hotel, daytime, core, subtotal, courtesy, washtubs, certification
97.99,99.86,convention, daytime, core, subtotal, courtesy, washtubs, certification
98.01,99.86,convention, daytime, syntax, subtotal, courtesy, washtubs, certification
97.69,99.84,convention, daytime, syntax, subtotal, courtesy, washtubs, fears
97.59,99.83,convention, tar, syntax, subtotal, courtesy, washtubs, fears
97.24,99.8,convention, trusts, syntax, subtotal, courtesy, washtubs, fears
97.66,99.84,convention, trusts, syntax, subtotal, courtesy, washtubs, yell
97.83,99.85,convention, trusts, riding, subtotal, courtesy, washtubs, yell
98.02,99.86,convention, trusts, riding, subtotal, courtesy, washtubs, intelligence
99.4,99.93,convention, glaze, riding, subtotal, courtesy, washtubs, intelligence
86.94,90.96,truck, duplicates, outfits, flaps, misalignment, limbs, bowl
87.7,92.68,truck, duplicates, outfits, deck, misalignment, limbs, bowl
88.53,94.26,multiplication, duplicates, outfits, deck, misalignment, limbs, bowl
89.11,95.19,multiplication, duplicates, outfits, deck, misalignment, jumps, bowl
89.62,95.9,multiplication, duplicates, outfits, beliefs, misalignment, jumps, bowl
91.71,97.99,multiplication, duplicates, inceptions, beliefs, misalignment, jumps, bowl
91.49,97.83,multiplication, cheek, inceptions, beliefs, misalignment, jumps, bowl
92.48,98.49,multiplication, umbrella, inceptions, beliefs, misalignment, jumps, bowl
93.61,99.03,multiplication, umbrella, inceptions, beliefs, misalignment, jumps, acquittal
94.38,99.29,run, umbrella, inceptions, beliefs, misalignment, jumps, acquittal
94.62,99.36,run, series, inceptions, beliefs, misalignment, jumps, acquittal
93.44,98.96,run, series, watt, beliefs, misalignment, jumps, acquittal
94.75,99.39,run, ponds, watt, beliefs, misalignment, jumps, acquittal
94.75,99.39,run, catchers, watt, beliefs, misalignment, jumps, acquittal
95.58,99.57,run, catchers, watt, beliefs, misalignment, alibis, acquittal
97.84,99.85,run, catchers, watt, acres, misalignment, alibis, acquittal
95.92,99.63,run, catchers, watt, acres, misalignment, alibis, readings
95.61,99.58,run, catchers, watt, acres, misalignment, reveille, readings
96.0,99.65,run, catchers, watt, acres, misalignment, reveille, casualty
96.43,99.71,run, arrows, watt, acres, misalignment, reveille, casualty
95.2,99.5,run, arrows, watt, offenses, misalignment, reveille, casualty
94.45,99.31,submarine, arrows, watt, offenses, misalignment, reveille, casualty
95.49,99.56,goal, arrows, watt, offenses, misalignment, reveille, casualty
96.27,99.69,music, arrows, watt, offenses, misalignment, reveille, casualty
96.82,99.76,music, arrows, watt, offenses, misalignment, reveille, canvases
97.82,99.85,music, list, watt, offenses, misalignment, reveille, canvases
99.03,99.92,music, administrator, watt, offenses, misalignment, reveille, canvases
99.35,99.93,music, administrator, watt, offenses, splicer, reveille, canvases
98.17,99.87,elements, administrator, watt, offenses, splicer, reveille, canvases
95.37,99.54,elements, administrator, watt, offenses, scratch, reveille, canvases
94.12,99.21,elements, tours, watt, offenses, scratch, reveille, canvases
94.74,99.39,elements, tours, watt, offenses, complaints, reveille, canvases
96.23,99.68,elements, tours, watt, offenses, complaints, reveille, subprogram
95.74,99.61,sales, tours, watt, offenses, complaints, reveille, subprogram
96.35,99.7,competition, tours, watt, offenses, complaints, reveille, subprogram
96.38,99.7,competition, bulkhead, watt, offenses, complaints, reveille, subprogram
95.7,99.6,competition, swing, watt, offenses, complaints, reveille, subprogram
95.5,99.56,competition, swing, watt, month, complaints, reveille, subprogram
97.11,99.79,competition, linkages, watt, month, complaints, reveille, subprogram
97.82,99.85,boatswain, linkages, watt, month, complaints, reveille, subprogram
97.92,99.86,boatswain, linkages, watt, month, relief, reveille, subprogram
96.4,99.71,boatswain, linkages, watt, month, relief, reveille, memorandums
96.37,99.7,boatswain, possibilities, watt, month, relief, reveille, memorandums
96.85,99.76,boatswain, humor, watt, month, relief, reveille, memorandums
96.06,99.66,boatswain, humor, watt, classrooms, relief, reveille, memorandums
95.79,99.61,boatswain, humor, watt, classrooms, barrier, reveille, memorandums
97.14,99.79,boatswain, humor, watt, classrooms, barrier, destinations, memorandums
97.26,99.8,boatswain, humor, watt, classrooms, images, destinations, memorandums
97.22,99.8,boatswain, humor, watt, classrooms, honk, destinations, memorandums
98.05,99.87,boatswain, humor, watt, crowns, honk, destinations, memorandums
98.04,99.87,boatswain, humor, watt, crowns, retention, destinations, memorandums
98.18,99.87,boatswain, humor, watt, pink, retention, destinations, memorandums
98.13,99.87,boatswain, humor, watt, seconds, retention, destinations, memorandums
98.79,99.91,boatswain, humor, watt, seconds, strains, destinations, memorandums
98.65,99.9,boatswain, humor, watt, seconds, marbles, destinations, memorandums
98.94,99.91,boatswain, humor, watt, organizations, marbles, destinations, memorandums
99.34,99.93,boatswain, humor, watt, administrator, marbles, destinations, memorandums
99.03,99.92,influence, administrator, watt, offenses, splicer, reveille, canvases
99.0,99.92,influence, administrator, watt, offenses, splicer, coughs, canvases
99.74,99.94,desert, administrator, watt, offenses, splicer, coughs, canvases
97.11,99.79,desert, administrator, watt, offenses, splicer, files, canvases
96.45,99.71,desert, lard, watt, offenses, splicer, files, canvases
96.63,99.74,desert, lard, watt, offenses, splicer, files, measures
96.37,99.7,crews, lard, watt, offenses, splicer, files, measures
95.82,99.62,crews, lard, watt, surprise, splicer, files, measures
95.84,99.62,crews, lard, watt, surprise, splicer, files, regions
97.14,99.79,crews, lard, watt, surprise, splicer, files, steeples
98.07,99.87,investment, lard, watt, surprise, splicer, files, steeples
96.69,99.74,investment, lard, watt, surprise, splicer, speech, steeples
94.87,99.42,investment, lard, floods, surprise, splicer, speech, steeples
95.43,99.55,investment, lard, alphabet, surprise, splicer, speech, steeples
95.93,99.64,investment, lard, alphabet, surprise, splicer, bed, steeples
97.16,99.79,investment, nulls, alphabet, surprise, splicer, bed, steeples
96.25,99.68,investment, nulls, alphabet, surprise, splicer, bed, rims
97.71,99.84,investment, nulls, alphabet, witnesses, splicer, bed, rims
97.23,99.8,investment, nulls, alphabet, witnesses, splicer, bed, drips
96.97,99.77,investment, nulls, alphabet, crowds, splicer, bed, drips
96.56,99.73,investment, nulls, alphabet, crowds, splicer, bed, shades
97.01,99.78,investment, nulls, alphabet, crowds, splicer, chokes, shades
96.94,99.77,investment, survey, alphabet, crowds, splicer, chokes, shades
96.37,99.7,investment, committees, alphabet, crowds, splicer, chokes, shades
96.49,99.72,investment, committees, alphabet, groans, splicer, chokes, shades
98.68,99.9,desert, administrator, watt, expenses, splicer, coughs, canvases
97.23,99.8,desert, administrator, wafers, expenses, splicer, coughs, canvases
96.53,99.72,desert, administrator, wafers, expenses, splicer, coughs, helmet
96.58,99.73,desert, administrator, wafers, miss, splicer, coughs, helmet
97.39,99.81,desert, administrator, wafers, courtesies, splicer, coughs, helmet
96.12,99.67,desert, administrator, wafers, effects, splicer, coughs, helmet
96.02,99.65,desert, administrator, stubs, effects, splicer, coughs, helmet
96.32,99.7,desert, administrator, stubs, effects, splicer, coughs, navy
97.09,99.79,bath, administrator, stubs, effects, splicer, coughs, navy
98.94,99.91,bath, administrator, stubs, ohm, splicer, coughs, navy
98.1,99.87,bath, administrator, abbreviation, ohm, splicer, coughs, navy
97.53,99.83,bath, administrator, abbreviation, ohm, splicer, coughs, wave
97.43,99.82,bath, administrator, abbreviation, ohm, splicer, coughs, variables
99.55,99.94,bath, administrator, abbreviation, ohm, splicer, coughs, lessons
99.71,99.94,bath, visit, abbreviation, ohm, splicer, coughs, lessons
99.98,99.95,arguments, visit, abbreviation, ohm, splicer, coughs, lessons
100.11,99.95,outfit, visit, abbreviation, ohm, splicer, coughs, lessons
99.52,99.94,ratio, visit, abbreviation, ohm, splicer, coughs, lessons
100.2,99.96,stake, visit, abbreviation, ohm, splicer, coughs, lessons
100.23,99.96,stake, visit, gulfs, ohm, splicer, coughs, lessons
98.99,99.92,jams, visit, gulfs, ohm, splicer, coughs, lessons
99.92,99.95,respects, visit, gulfs, ohm, splicer, coughs, lessons
100.36,99.96,respects, visit, gulfs, ohm, splicer, coughs, pack
100.31,99.96,respects, visit, gulfs, ohm, splicer, coughs, maintainability
100.29,99.96,respects, visit, gulfs, ohm, splicer, coughs, fats
100.65,99.97,respects, visit, gulfs, ohm, splicer, downgrades, fats
100.45,99.96,bath, visit, gulfs, ohm, splicer, downgrades, fats
100.43,99.96,bath, visit, gulfs, ohm, splicer, downgrades, communication
100.67,99.97,bath, visit, gulfs, ohm, splicer, downgrades, noun
101.16,99.97,breast, visit, gulfs, ohm, splicer, downgrades, noun
101.44,99.98,breast, visit, gulfs, ohm, splicer, downgrades, rifles
101.05,99.97,medicine, visit, gulfs, ohm, splicer, downgrades, rifles
99.79,99.94,medicine, visit, gulfs, ohm, splicer, downgrades, arts
99.76,99.94,medicine, visit, gulfs, ohm, splicer, downgrades, feeders
100.47,99.96,medicine, visit, gulfs, ohm, splicer, downgrades, saddles
100.95,99.97,professionalism, visit, gulfs, ohm, splicer, downgrades, saddles
99.31,99.93,professionalism, visit, cartridges, ohm, splicer, downgrades, saddles
99.14,99.92,professionalism, visit, cartridges, altimeters, splicer, downgrades, saddles
99.72,99.94,professionalism, visit, objects, altimeters, splicer, downgrades, saddles
99.37,99.93,professionalism, visit, dominions, altimeters, splicer, downgrades, saddles
99.83,99.95,professionalism, visit, dominions, altimeters, splicer, downgrades, doses
99.15,99.92,professionalism, visit, dominions, battleship, splicer, downgrades, doses
98.85,99.91,professionalism, visit, dominions, fives, splicer, downgrades, doses
99.71,99.94,professionalism, visit, dominions, zeros, splicer, downgrades, doses
100.27,99.96,professionalism, visit, dominions, triangle, splicer, downgrades, doses
101.53,99.98,breast, visit, gulfs, ohm, splicer, downgrades, mitt
99.59,99.94,blots, visit, gulfs, ohm, splicer, downgrades, rifles
99.89,99.95,blots, visit, terminology, ohm, splicer, downgrades, rifles
96.38,99.7,blots, visit, terminology, ohm, splicer, screw, rifles
94.88,99.43,blots, visit, terminology, cellar, splicer, screw, rifles
92.36,98.42,blots, visit, woods, cellar, splicer, screw, rifles
87.84,92.96,blots, mess, woods, cellar, splicer, screw, rifles
88.16,93.59,blots, mess, woods, cellar, splicer, screw, shores
85.07,85.5,blots, mess, woods, cellar, manifest, screw, shores
85.94,88.28,blots, mess, woods, cellar, manifest, screw, courts
87.78,92.85,augmentations, mess, woods, cellar, manifest, screw, courts
89.68,95.98,augmentations, mess, woods, electrodes, manifest, screw, courts
90.95,97.37,augmentations, mess, woods, downgrades, manifest, screw, courts
91.69,97.98,augmentations, mess, woods, downgrades, manifest, calendars, courts
91.42,97.77,augmentations, mess, paws, downgrades, manifest, calendars, courts
87.61,92.48,tides, mess, paws, downgrades, manifest, calendars, courts
91.52,97.85,tides, mess, paws, downgrades, drainers, calendars, courts
89.72,96.03,tides, mess, paws, downgrades, radars, calendars, courts
89.33,95.5,currencies, mess, paws, downgrades, radars, calendars, courts
87.93,93.14,currencies, mess, paws, downgrades, radars, calendars, spots
88.56,94.3,currencies, mess, paws, seesaws, radars, calendars, spots
91.15,97.55,currencies, crimes, paws, seesaws, radars, calendars, spots
87.06,91.25,currencies, crimes, paws, forces, radars, calendars, spots
86.13,88.82,currencies, crimes, paws, forces, radars, solution, spots
86.82,90.66,splints, crimes, paws, forces, radars, solution, spots
92.05,98.23,splints, crimes, paws, forces, radars, solution, cupfuls
89.59,95.86,splints, crimes, camps, forces, radars, solution, cupfuls
91.37,97.73,splints, crimes, camps, forces, radars, drawings, cupfuls
92.95,98.74,splints, crimes, accountability, forces, radars, drawings, cupfuls
84.65,84.01,splints, crimes, accountability, forces, radars, drawings, fear
87.46,92.17,splints, crimes, accountability, forces, radars, drawings, sentries
85.68,87.48,ramps, crimes, accountability, forces, radars, drawings, sentries
85.96,88.34,ramps, crimes, accountability, forces, barge, drawings, sentries
83.56,79.74,ramps, crimes, accountability, forces, barge, meetings, sentries
84.25,82.52,ramps, crimes, accountability, forces, barge, meetings, navigators
81.5,69.96,chief, crimes, accountability, forces, barge, meetings, navigators
85.08,85.54,chief, crimes, accountability, zero, barge, meetings, navigators
81.06,67.66,chief, crimes, accountability, advisers, barge, meetings, navigators
83.16,78.02,chief, mill, accountability, advisers, barge, meetings, navigators
88.25,93.76,chief, mill, accountability, advisers, barge, pistons, navigators
89.17,95.28,chief, mill, accountability, advisers, summary, pistons, navigators
87.19,91.55,chief, worry, accountability, advisers, summary, pistons, navigators
85.35,86.44,chief, worry, accountability, advisers, summary, pistons, block
90.09,96.49,chief, worry, battleship, advisers, summary, pistons, block
88.66,94.48,chief, worry, battleship, advisers, summary, broadcasts, block
90.23,96.65,dependents, worry, battleship, advisers, summary, broadcasts, block
89.26,95.4,dependents, worry, battleship, advisers, gasoline, broadcasts, block
93.23,98.87,dependents, flakes, battleship, advisers, gasoline, broadcasts, block
95.33,99.53,dependents, flakes, battleship, advisers, gasoline, scratchpad, block
95.64,99.59,bench, flakes, battleship, advisers, gasoline, scratchpad, block
93.92,99.14,bench, crystal, battleship, advisers, gasoline, scratchpad, block
95.94,99.64,bench, crystal, battleship, advisers, gasoline, scratchpad, motels
95.82,99.62,bench, apparatus, battleship, advisers, gasoline, scratchpad, motels
95.25,99.51,bench, pints, battleship, advisers, gasoline, scratchpad, motels
96.19,99.68,bench, pints, battleship, certifications, gasoline, scratchpad, motels
96.46,99.71,bench, originators, battleship, certifications, gasoline, scratchpad, motels
94.99,99.45,bench, originators, contract, certifications, gasoline, scratchpad, motels
93.88,99.13,bench, originators, specialists, certifications, gasoline, scratchpad, motels
94.86,99.42,bench, originators, specialists, certifications, gasoline, scratchpad, pages
94.21,99.24,bench, originators, specialists, case, gasoline, scratchpad, pages
94.69,99.38,hills, originators, specialists, case, gasoline, scratchpad, pages
94.61,99.36,hills, originators, specialists, case, gasoline, scratchpad, towels
94.09,99.2,hills, originators, specialists, tunnel, gasoline, scratchpad, towels
92.98,98.75,hills, originators, specialists, tunnel, gasoline, scratchpad, implements
92.27,98.37,hills, originators, specialists, tunnel, gasoline, scratchpad, elements
92.8,98.67,hills, originators, specialists, tunnel, gasoline, scratchpad, boil
92.74,98.63,relation, originators, specialists, tunnel, gasoline, scratchpad, boil
93.12,98.82,relation, originators, ordnance, tunnel, gasoline, scratchpad, boil
94.18,99.23,relation, originators, item, tunnel, gasoline, scratchpad, boil
96.31,99.69,relation, originators, item, okays, gasoline, scratchpad, boil
93.92,99.14,relation, originators, item, okays, gasoline, detachment, boil
95.59,99.58,relation, originators, item, okays, gasoline, honors, boil
94.49,99.32,relation, originators, command, okays, gasoline, honors, boil
94.66,99.37,relation, originators, command, okays, skips, honors, boil
96.32,99.69,relation, originators, command, okays, cones, honors, boil
96.31,99.69,daybreak, originators, command, okays, cones, honors, boil
95.83,99.62,daybreak, originators, boxes, okays, cones, honors, boil
95.73,99.6,visitors, originators, boxes, okays, cones, honors, boil
97.5,99.82,visitors, originators, amplitude, okays, cones, honors, boil
100.57,99.96,breast, visit, gulfs, code, splicer, downgrades, mitt
100.55,99.96,breast, visit, gulfs, code, splicer, downgrades, electrolytes
100.1,99.95,breast, visit, gulfs, compiler, splicer, downgrades, electrolytes
98.94,99.91,breast, visit, gulfs, compiler, dots, downgrades, electrolytes
98.68,99.9,breast, visit, gulfs, compiler, dots, downgrades, tires
98.32,99.88,breast, visit, gulfs, compiler, dots, downgrades, pitch
98.18,99.87,breast, accessories, gulfs, compiler, dots, downgrades, pitch
98.38,99.89,breast, accessories, gulfs, compiler, dots, downgrades, tuition
99.59,99.94,breast, accessories, gulfs, compiler, dots, downgrades, reservist
98.71,99.9,jacket, accessories, gulfs, compiler, dots, downgrades, reservist
99.47,99.93,titles, accessories, gulfs, compiler, dots, downgrades, reservist
99.32,99.93,titles, accessories, gulfs, compiler, confession, downgrades, reservist
99.55,99.94,breast, visit, gulfs, ohm, splicer, downgrades, cores
96.51,99.72,breast, alcoholics, gulfs, ohm, splicer, downgrades, cores
95.62,99.58,breast, alcoholics, gulfs, manner, splicer, downgrades, cores
94.7,99.38,breast, alcoholics, gulfs, manner, splicer, tires, cores
96.11,99.66,breast, alcoholics, gulfs, enlistment, splicer, tires, cores
96.71,99.74,breast, jewel, gulfs, enlistment, splicer, tires, cores
94.61,99.35,breast, bushes, gulfs, enlistment, splicer, tires, cores
97.2,99.8,breast, bushes, gulfs, enlistment, splicer, tires, departures
97.15,99.79,breast, bushes, gulfs, enlistment, splicer, tires, subroutine
98.52,99.89,breast, navigation, gulfs, enlistment, splicer, tires, subroutine
98.13,99.87,breast, navigation, gulfs, enlistment, splicer, jacket, subroutine
97.52,99.83,breast, spokes, gulfs, enlistment, splicer, jacket, subroutine
97.62,99.83,breast, spokes, gulfs, enlistment, afternoon, jacket, subroutine
97.65,99.84,breast, spokes, gulfs, enlistment, opinions, jacket, subroutine
98.0,99.86,breast, spokes, gulfs, enlistment, opinions, trailers, subroutine
97.71,99.84,breast, spokes, gulfs, enlistment, opinions, glass, subroutine
97.85,99.85,kite, spokes, gulfs, enlistment, opinions, glass, subroutine
97.82,99.85,kite, microphones, gulfs, enlistment, opinions, glass, subroutine
97.86,99.85,kite, microphones, gulfs, enlistment, opinions, stopper, subroutine
96.98,99.78,kite, microphones, gulfs, enlistment, dissemination, stopper, subroutine
97.38,99.81,kite, microphones, gulfs, enlistment, dissemination, flakes, subroutine
99.15,99.92,chairwoman, microphones, gulfs, enlistment, dissemination, flakes, subroutine
99.27,99.93,chairwoman, microphones, gulfs, enlistment, dissemination, leggings, subroutine
97.85,99.85,chairwoman, dye, gulfs, enlistment, dissemination, leggings, subroutine
97.98,99.86,chairwoman, dye, gulfs, enlistment, dissemination, hickory, subroutine
97.49,99.82,chairwoman, dye, airfield, enlistment, dissemination, hickory, subroutine
98.12,99.87,chairwoman, video, airfield, enlistment, dissemination, hickory, subroutine
99.35,99.93,chairwoman, video, airfield, enlistment, carbon, hickory, subroutine
99.09,99.92,chairwoman, video, airfield, enlistment, carbon, messes, subroutine
99.44,99.93,chairwoman, video, airfield, enlistment, hatchets, messes, subroutine
99.49,99.94,chairwoman, video, elbow, enlistment, hatchets, messes, subroutine
99.65,99.94,chairwoman, video, elbow, enlistment, hatchets, station, subroutine
99.47,99.93,chairwoman, video, elbow, enlistment, hatchets, station, rating
100.95,99.97,chairwoman, video, elbow, enlistment, hatchets, riddles, rating
100.33,99.96,chairwoman, video, elbow, enlistment, alleys, riddles, rating
99.48,99.93,chairwoman, tapes, elbow, enlistment, alleys, riddles, rating
98.73,99.9,chairwoman, tapes, cane, enlistment, alleys, riddles, rating
99.39,99.93,chairwoman, tapes, cane, enlistment, toolbox, riddles, rating
99.53,99.94,chairwoman, tapes, cane, enlistment, toolbox, rebounds, rating
99.52,99.94,chairwoman, highways, cane, enlistment, toolbox, rebounds, rating
99.48,99.94,chairwoman, illustration, cane, enlistment, toolbox, rebounds, rating
100.08,99.95,breast, visit, buffers, ohm, splicer, downgrades, mitt
97.4,99.82,breast, commendations, buffers, ohm, splicer, downgrades, mitt
98.01,99.86,breast, individuals, buffers, ohm, splicer, downgrades, mitt
98.21,99.88,halls, individuals, buffers, ohm, splicer, downgrades, mitt
98.64,99.9,halls, individuals, burglary, ohm, splicer, downgrades, mitt
97.87,99.85,halls, individuals, electrician, ohm, splicer, downgrades, mitt
97.89,99.85,halls, individuals, sport, ohm, splicer, downgrades, mitt
98.69,99.9,halls, individuals, searchlights, ohm, splicer, downgrades, mitt
97.73,99.84,halls, individuals, searchlights, ohm, splicer, downgrades, raincoat
98.15,99.87,defeat, individuals, searchlights, ohm, splicer, downgrades, raincoat
97.64,99.84,defeat, individuals, storms, ohm, splicer, downgrades, raincoat
96.0,99.65,defeat, individuals, storms, ohm, airship, downgrades, raincoat
95.24,99.51,defeat, individuals, storms, ohm, airship, downgrades, restaurant
96.49,99.72,defeat, individuals, storms, ohm, airship, diagonals, restaurant
97.39,99.81,defeat, individuals, harmonies, ohm, airship, diagonals, restaurant
96.02,99.65,defeat, individuals, harmonies, ohm, counselor, diagonals, restaurant
96.02,99.65,defeat, notice, harmonies, ohm, counselor, diagonals, restaurant
97.6,99.83,defeat, warehouses, harmonies, ohm, counselor, diagonals, restaurant
97.36,99.81,defeat, solvent, harmonies, ohm, counselor, diagonals, restaurant
95.96,99.64,defeat, solvent, harmonies, ohm, counselor, interface, restaurant
97.61,99.83,defeat, solvent, harmonies, ohm, counselor, doorknobs, restaurant
97.48,99.82,defeat, solvent, harmonies, ohm, flight, doorknobs, restaurant
95.95,99.64,defeat, solvent, season, ohm, flight, doorknobs, restaurant
96.17,99.67,defeat, solvent, season, ohm, flight, doorknobs, captures
95.98,99.64,entry, solvent, season, ohm, flight, doorknobs, captures
95.64,99.59,entry, solvent, season, ohm, bat, doorknobs, captures
96.36,99.7,entry, solvent, inference, ohm, bat, doorknobs, captures
96.55,99.73,photo, solvent, inference, ohm, bat, doorknobs, captures
98.18,99.87,photo, solvent, inference, ohm, bat, doorknobs, ices
98.15,99.87,photo, solvent, trial, ohm, bat, doorknobs, ices
98.77,99.91,photo, solvent, trial, ohm, bat, doorknobs, navigators
98.92,99.91,photo, solvent, trial, ohm, trusts, doorknobs, navigators
98.76,99.91,photo, solvent, hilltop, ohm, trusts, doorknobs, navigators
98.11,99.87,photo, nylons, hilltop, ohm, trusts, doorknobs, navigators
97.78,99.85,photo, nylons, gross, ohm, trusts, doorknobs, navigators
97.12,99.79,photo, nylons, fog, ohm, trusts, doorknobs, navigators
97.63,99.83,photo, entrapment, fog, ohm, trusts, doorknobs, navigators
97.67,99.84,photo, democracy, fog, ohm, trusts, doorknobs, navigators
98.13,99.87,photo, democracy, tails, ohm, trusts, doorknobs, navigators
94.95,99.44,photo, democracy, tails, abettors, trusts, doorknobs, navigators
96.33,99.7,photo, democracy, tails, abettors, adaption, doorknobs, navigators
96.59,99.73,photo, democracy, tails, abettors, season, doorknobs, navigators
97.01,99.78,photo, democracy, reactions, abettors, season, doorknobs, navigators
96.85,99.76,photo, democracy, batteries, abettors, season, doorknobs, navigators
96.59,99.73,photo, democracy, batteries, abettors, season, doorknobs, lubricants
97.12,99.79,photo, democracy, journals, abettors, season, doorknobs, lubricants
97.18,99.8,photo, latitudes, journals, abettors, season, doorknobs, lubricants
98.2,99.88,photo, latitudes, journals, abettors, season, doorknobs, feedback
98.82,99.91,photo, latitudes, district, abettors, season, doorknobs, feedback
99.41,99.93,photo, latitudes, cord, abettors, season, doorknobs, feedback
99.65,99.94,photo, latitudes, cord, abettors, season, enlistments, feedback
99.68,99.94,photo, settlements, cord, abettors, season, enlistments, feedback
99.92,99.95,photo, settlements, cord, abettors, pint, enlistments, feedback
100.86,99.97,breast, visit, gulfs, ohm, orbitals, downgrades, mitt
99.14,99.92,breast, visit, gulfs, ohm, orbitals, downgrades, teaks
100.68,99.97,breast, visit, gulfs, ohm, orbitals, downgrades, floodlight
99.76,99.94,breast, visit, holsters, ohm, orbitals, downgrades, floodlight
100.07,99.95,breast, visit, holsters, ohm, requisites, downgrades, floodlight
100.5,99.96,breast, visit, copying, ohm, requisites, downgrades, floodlight
97.74,99.84,breast, visit, copying, strictness, requisites, downgrades, floodlight
99.69,99.94,breast, visit, copying, stinger, requisites, downgrades, floodlight
99.71,99.94,breast, visit, copying, stinger, dogwood, downgrades, floodlight
98.85,99.91,trimmings, visit, copying, stinger, dogwood, downgrades, floodlight
98.6,99.9,departures, visit, copying, stinger, dogwood, downgrades, floodlight
98.93,99.91,panegyric, visit, copying, stinger, dogwood, downgrades, floodlight
97.83,99.85,panegyric, visit, copying, despite, dogwood, downgrades, floodlight
97.53,99.83,panegyric, visit, copying, despite, bodice, downgrades, floodlight
97.76,99.85,panegyric, visit, grill, despite, bodice, downgrades, floodlight
98.07,99.87,panegyric, visit, grill, despite, twain, downgrades, floodlight
97.09,99.79,panegyric, visit, grill, despite, model, downgrades, floodlight
96.99,99.78,panegyric, visit, arching, despite, model, downgrades, floodlight
98.07,99.87,tads, visit, arching, despite, model, downgrades, floodlight
99.48,99.93,tads, visit, arching, weakling, model, downgrades, floodlight
100.63,99.96,tads, visit, arching, antiquarian, model, downgrades, floodlight
101.41,99.98,tads, visit, forewoman, antiquarian, model, downgrades, floodlight
100.23,99.96,tads, visit, forewoman, antiquarian, model, miracles, floodlight
99.57,99.94,tads, visit, forewoman, antiquarian, model, bucketful, floodlight
100.2,99.96,tads, visit, forewoman, removal, model, bucketful, floodlight
100.16,99.95,tads, visit, forewoman, psychology, model, bucketful, floodlight
99.59,99.94,tads, visit, forewoman, psychology, model, outstation, floodlight
100.71,99.97,tads, visit, forewoman, psychology, model, gratuity, floodlight
99.39,99.93,tads, visit, forewoman, motherland, model, gratuity, floodlight
99.73,99.94,powders, visit, forewoman, motherland, model, gratuity, floodlight
99.41,99.93,powders, visit, forewoman, motherland, model, pitchfork, floodlight
98.64,99.9,additions, visit, forewoman, motherland, model, pitchfork, floodlight
98.68,99.9,additions, visit, forewoman, identifiers, model, pitchfork, floodlight
97.99,99.86,additions, visit, forewoman, identifiers, partings, pitchfork, floodlight
97.19,99.8,additions, visit, forewoman, identifiers, partings, pitchfork, breakfast
98.24,99.88,additions, visit, forewoman, identifiers, partings, pitchfork, fastball
99.6,99.94,additions, visit, forewoman, identifiers, aspidistra, pitchfork, fastball
99.18,99.92,additions, visit, forewoman, identifiers, aspidistra, dactylic, fastball
98.58,99.9,additions, visit, toga, identifiers, aspidistra, dactylic, fastball
98.7,99.9,additions, visit, toga, identifiers, fusilier, dactylic, fastball
99.09,99.92,additions, visit, headlight, identifiers, fusilier, dactylic, fastball
98.89,99.91,pipework, visit, headlight, identifiers, fusilier, dactylic, fastball
98.86,99.91,basketwork, visit, headlight, identifiers, fusilier, dactylic, fastball
98.91,99.91,basketwork, visit, headlight, identifiers, fusilier, vac, fastball
100.47,99.96,basketwork, visit, snubs, identifiers, fusilier, vac, fastball
99.72,99.94,basketwork, visit, participle, identifiers, fusilier, vac, fastball
100.35,99.96,basketwork, visit, pastor, identifiers, fusilier, vac, fastball
100.34,99.96,basketwork, visit, nears, identifiers, fusilier, vac, fastball
100.4,99.96,basketwork, visit, nears, identifiers, marquis, vac, fastball
100.32,99.96,basketwork, visit, fealty, identifiers, marquis, vac, fastball
100.95,99.97,basketwork, visit, fealty, identifiers, compartment, vac, fastball
101.11,99.97,basketwork, visit, fealty, identifiers, princess, vac, fastball
101.33,99.98,breast, visit, gulfs, ohm, facsimile, downgrades, mitt
101.24,99.97,sprinter, visit, gulfs, ohm, facsimile, downgrades, mitt
100.71,99.97,sprinter, visit, gulfs, deviation, facsimile, downgrades, mitt
100.23,99.96,sprinter, visit, gulfs, deviation, entrepreneur, downgrades, mitt
100.05,99.95,sprinter, visit, gulfs, deviation, dishwasher, downgrades, mitt
101.22,99.97,sprinter, visit, gulfs, deviation, clover, downgrades, mitt
99.13,99.92,sprinter, visit, gulfs, deviation, clover, structure, mitt
98.89,99.91,sprinter, visit, gulfs, deviation, melon, structure, mitt
98.42,99.89,sprinter, visit, gulfs, deviation, chow, structure, mitt
97.13,99.79,sprinter, notebook, gulfs, deviation, chow, structure, mitt
97.91,99.86,sprinter, notebook, gulfs, psychiatrist, chow, structure, mitt
98.34,99.88,sprinter, notebook, gulfs, psychiatrist, chow, structure, anklet
97.75,99.84,sprinter, notebook, gulfs, psychiatrist, chow, structure, laryngitis
97.91,99.86,sprinter, notebook, gulfs, psychiatrist, chow, precision, laryngitis
98.08,99.87,sprinter, notebook, gulfs, psychiatrist, collectivization, precision, laryngitis
99.38,99.93,sprinter, notebook, gulfs, announcement, collectivization, precision, laryngitis
99.19,99.92,sprinter, notebook, gulfs, announcement, collectivization, pepperoni, laryngitis
98.56,99.9,sprinter, notebook, log, announcement, collectivization, pepperoni, laryngitis
98.52,99.89,sprinter, notebook, log, announcement, collectivization, morphology, laryngitis
98.88,99.91,sprinter, notebook, log, announcement, collectivization, pot, laryngitis
99.02,99.92,sprinter, overcoat, log, announcement, collectivization, pot, laryngitis
